id,question,choiceA,choiceB,choiceC,choiceD,correctAnswer,explanation,part,type,topic,difficulty,context,transcript
"local-p5-001","The sales team submitted _____ quarterly report before the deadline.","it","its","itself","their","B","A possessive adjective is required before the singular noun phrase “quarterly report”. | Cần tính từ sở hữu “its” đứng trước cụm danh từ “quarterly report”.","5","mcq","nouns","500","",""
"local-p5-002","The finance department submitted _____ quarterly report before the deadline.","it","its","itself","their","B","A possessive adjective is required before the singular noun phrase “quarterly report”. | Cần tính từ sở hữu “its” đứng trước cụm danh từ “quarterly report”.","5","mcq","nouns","500","",""
"local-p5-003","The marketing unit submitted _____ quarterly report before the deadline.","it","its","itself","their","B","A possessive adjective is required before the singular noun phrase “quarterly report”. | Cần tính từ sở hữu “its” đứng trước cụm danh từ “quarterly report”.","5","mcq","nouns","500","",""
"local-p5-004","The operations group submitted _____ quarterly report before the deadline.","it","its","itself","their","B","A possessive adjective is required before the singular noun phrase “quarterly report”. | Cần tính từ sở hữu “its” đứng trước cụm danh từ “quarterly report”.","5","mcq","nouns","500","",""
"local-p5-005","The customer service team submitted _____ quarterly report before the deadline.","it","its","itself","their","B","A possessive adjective is required before the singular noun phrase “quarterly report”. | Cần tính từ sở hữu “its” đứng trước cụm danh từ “quarterly report”.","5","mcq","nouns","500","",""
"local-p5-006","The research division submitted _____ quarterly report before the deadline.","it","its","itself","their","B","A possessive adjective is required before the singular noun phrase “quarterly report”. | Cần tính từ sở hữu “its” đứng trước cụm danh từ “quarterly report”.","5","mcq","nouns","500","",""
"local-p5-007","The human resources office submitted _____ quarterly report before the deadline.","it","its","itself","their","B","A possessive adjective is required before the singular noun phrase “quarterly report”. | Cần tính từ sở hữu “its” đứng trước cụm danh từ “quarterly report”.","5","mcq","nouns","500","",""
"local-p5-008","The shipping department submitted _____ quarterly report before the deadline.","it","its","itself","their","B","A possessive adjective is required before the singular noun phrase “quarterly report”. | Cần tính từ sở hữu “its” đứng trước cụm danh từ “quarterly report”.","5","mcq","nouns","500","",""
"local-p5-009","The technology team submitted _____ quarterly report before the deadline.","it","its","itself","their","B","A possessive adjective is required before the singular noun phrase “quarterly report”. | Cần tính từ sở hữu “its” đứng trước cụm danh từ “quarterly report”.","5","mcq","nouns","500","",""
"local-p5-010","The training unit submitted _____ quarterly report before the deadline.","it","its","itself","their","B","A possessive adjective is required before the singular noun phrase “quarterly report”. | Cần tính từ sở hữu “its” đứng trước cụm danh từ “quarterly report”.","5","mcq","nouns","500","",""
"local-p5-011","Northstar responded _____ to the customer complaint.","prompt","promptly","promptness","prompting","B","An adverb is needed to modify the verb “responded”. | Cần trạng từ “promptly” để bổ nghĩa cho động từ “responded”.","5","mcq","adverbs","500","",""
"local-p5-012","BluePeak responded _____ to the customer complaint.","prompt","promptly","promptness","prompting","B","An adverb is needed to modify the verb “responded”. | Cần trạng từ “promptly” để bổ nghĩa cho động từ “responded”.","5","mcq","adverbs","500","",""
"local-p5-013","Greenfield responded _____ to the customer complaint.","prompt","promptly","promptness","prompting","B","An adverb is needed to modify the verb “responded”. | Cần trạng từ “promptly” để bổ nghĩa cho động từ “responded”.","5","mcq","adverbs","500","",""
"local-p5-014","Summit responded _____ to the customer complaint.","prompt","promptly","promptness","prompting","B","An adverb is needed to modify the verb “responded”. | Cần trạng từ “promptly” để bổ nghĩa cho động từ “responded”.","5","mcq","adverbs","500","",""
"local-p5-015","Riverside responded _____ to the customer complaint.","prompt","promptly","promptness","prompting","B","An adverb is needed to modify the verb “responded”. | Cần trạng từ “promptly” để bổ nghĩa cho động từ “responded”.","5","mcq","adverbs","500","",""
"local-p5-016","BrightPath responded _____ to the customer complaint.","prompt","promptly","promptness","prompting","B","An adverb is needed to modify the verb “responded”. | Cần trạng từ “promptly” để bổ nghĩa cho động từ “responded”.","5","mcq","adverbs","500","",""
"local-p5-017","Harborview responded _____ to the customer complaint.","prompt","promptly","promptness","prompting","B","An adverb is needed to modify the verb “responded”. | Cần trạng từ “promptly” để bổ nghĩa cho động từ “responded”.","5","mcq","adverbs","500","",""
"local-p5-018","Silverline responded _____ to the customer complaint.","prompt","promptly","promptness","prompting","B","An adverb is needed to modify the verb “responded”. | Cần trạng từ “promptly” để bổ nghĩa cho động từ “responded”.","5","mcq","adverbs","500","",""
"local-p5-019","Oakridge responded _____ to the customer complaint.","prompt","promptly","promptness","prompting","B","An adverb is needed to modify the verb “responded”. | Cần trạng từ “promptly” để bổ nghĩa cho động từ “responded”.","5","mcq","adverbs","500","",""
"local-p5-020","MetroWorks responded _____ to the customer complaint.","prompt","promptly","promptness","prompting","B","An adverb is needed to modify the verb “responded”. | Cần trạng từ “promptly” để bổ nghĩa cho động từ “responded”.","5","mcq","adverbs","500","",""
"local-p5-021","The updated schedule _____ to the sales team yesterday.","sent","was sent","is sending","has send","B","The schedule received the action in the past, so the simple past passive is required. | Lịch trình nhận hành động trong quá khứ nên dùng bị động quá khứ đơn “was sent”.","5","mcq","passive-voice","600","",""
"local-p5-022","The updated schedule _____ to the finance department yesterday.","sent","was sent","is sending","has send","B","The schedule received the action in the past, so the simple past passive is required. | Lịch trình nhận hành động trong quá khứ nên dùng bị động quá khứ đơn “was sent”.","5","mcq","passive-voice","600","",""
"local-p5-023","The updated schedule _____ to the marketing unit yesterday.","sent","was sent","is sending","has send","B","The schedule received the action in the past, so the simple past passive is required. | Lịch trình nhận hành động trong quá khứ nên dùng bị động quá khứ đơn “was sent”.","5","mcq","passive-voice","600","",""
"local-p5-024","The updated schedule _____ to the operations group yesterday.","sent","was sent","is sending","has send","B","The schedule received the action in the past, so the simple past passive is required. | Lịch trình nhận hành động trong quá khứ nên dùng bị động quá khứ đơn “was sent”.","5","mcq","passive-voice","600","",""
"local-p5-025","The updated schedule _____ to the customer service team yesterday.","sent","was sent","is sending","has send","B","The schedule received the action in the past, so the simple past passive is required. | Lịch trình nhận hành động trong quá khứ nên dùng bị động quá khứ đơn “was sent”.","5","mcq","passive-voice","600","",""
"local-p5-026","The updated schedule _____ to the research division yesterday.","sent","was sent","is sending","has send","B","The schedule received the action in the past, so the simple past passive is required. | Lịch trình nhận hành động trong quá khứ nên dùng bị động quá khứ đơn “was sent”.","5","mcq","passive-voice","600","",""
"local-p5-027","The updated schedule _____ to the human resources office yesterday.","sent","was sent","is sending","has send","B","The schedule received the action in the past, so the simple past passive is required. | Lịch trình nhận hành động trong quá khứ nên dùng bị động quá khứ đơn “was sent”.","5","mcq","passive-voice","600","",""
"local-p5-028","The updated schedule _____ to the shipping department yesterday.","sent","was sent","is sending","has send","B","The schedule received the action in the past, so the simple past passive is required. | Lịch trình nhận hành động trong quá khứ nên dùng bị động quá khứ đơn “was sent”.","5","mcq","passive-voice","600","",""
"local-p5-029","The updated schedule _____ to the technology team yesterday.","sent","was sent","is sending","has send","B","The schedule received the action in the past, so the simple past passive is required. | Lịch trình nhận hành động trong quá khứ nên dùng bị động quá khứ đơn “was sent”.","5","mcq","passive-voice","600","",""
"local-p5-030","The updated schedule _____ to the training unit yesterday.","sent","was sent","is sending","has send","B","The schedule received the action in the past, so the simple past passive is required. | Lịch trình nhận hành động trong quá khứ nên dùng bị động quá khứ đơn “was sent”.","5","mcq","passive-voice","600","",""
"local-p5-031","If Northstar's supplier _____ the order today, it will arrive by Friday.","ships","shipped","will ship","shipping","A","The if-clause of a first conditional uses the simple present. | Mệnh đề if của câu điều kiện loại 1 dùng hiện tại đơn “ships”.","5","mcq","verb-tenses","600","",""
"local-p5-032","If BluePeak's supplier _____ the order today, it will arrive by Friday.","ships","shipped","will ship","shipping","A","The if-clause of a first conditional uses the simple present. | Mệnh đề if của câu điều kiện loại 1 dùng hiện tại đơn “ships”.","5","mcq","verb-tenses","600","",""
"local-p5-033","If Greenfield's supplier _____ the order today, it will arrive by Friday.","ships","shipped","will ship","shipping","A","The if-clause of a first conditional uses the simple present. | Mệnh đề if của câu điều kiện loại 1 dùng hiện tại đơn “ships”.","5","mcq","verb-tenses","600","",""
"local-p5-034","If Summit's supplier _____ the order today, it will arrive by Friday.","ships","shipped","will ship","shipping","A","The if-clause of a first conditional uses the simple present. | Mệnh đề if của câu điều kiện loại 1 dùng hiện tại đơn “ships”.","5","mcq","verb-tenses","600","",""
"local-p5-035","If Riverside's supplier _____ the order today, it will arrive by Friday.","ships","shipped","will ship","shipping","A","The if-clause of a first conditional uses the simple present. | Mệnh đề if của câu điều kiện loại 1 dùng hiện tại đơn “ships”.","5","mcq","verb-tenses","600","",""
"local-p5-036","If BrightPath's supplier _____ the order today, it will arrive by Friday.","ships","shipped","will ship","shipping","A","The if-clause of a first conditional uses the simple present. | Mệnh đề if của câu điều kiện loại 1 dùng hiện tại đơn “ships”.","5","mcq","verb-tenses","600","",""
"local-p5-037","If Harborview's supplier _____ the order today, it will arrive by Friday.","ships","shipped","will ship","shipping","A","The if-clause of a first conditional uses the simple present. | Mệnh đề if của câu điều kiện loại 1 dùng hiện tại đơn “ships”.","5","mcq","verb-tenses","600","",""
"local-p5-038","If Silverline's supplier _____ the order today, it will arrive by Friday.","ships","shipped","will ship","shipping","A","The if-clause of a first conditional uses the simple present. | Mệnh đề if của câu điều kiện loại 1 dùng hiện tại đơn “ships”.","5","mcq","verb-tenses","600","",""
"local-p5-039","If Oakridge's supplier _____ the order today, it will arrive by Friday.","ships","shipped","will ship","shipping","A","The if-clause of a first conditional uses the simple present. | Mệnh đề if của câu điều kiện loại 1 dùng hiện tại đơn “ships”.","5","mcq","verb-tenses","600","",""
"local-p5-040","If MetroWorks's supplier _____ the order today, it will arrive by Friday.","ships","shipped","will ship","shipping","A","The if-clause of a first conditional uses the simple present. | Mệnh đề if của câu điều kiện loại 1 dùng hiện tại đơn “ships”.","5","mcq","verb-tenses","600","",""
"local-p5-041","Applications for the Boston office must be received _____ Friday.","by","until","during","since","A","“By” marks a deadline at or before a stated time. | “By” chỉ hạn chót vào hoặc trước một thời điểm.","5","mcq","prepositions","500","",""
"local-p5-042","Applications for the Seattle office must be received _____ Friday.","by","until","during","since","A","“By” marks a deadline at or before a stated time. | “By” chỉ hạn chót vào hoặc trước một thời điểm.","5","mcq","prepositions","500","",""
"local-p5-043","Applications for the Denver office must be received _____ Friday.","by","until","during","since","A","“By” marks a deadline at or before a stated time. | “By” chỉ hạn chót vào hoặc trước một thời điểm.","5","mcq","prepositions","500","",""
"local-p5-044","Applications for the Austin office must be received _____ Friday.","by","until","during","since","A","“By” marks a deadline at or before a stated time. | “By” chỉ hạn chót vào hoặc trước một thời điểm.","5","mcq","prepositions","500","",""
"local-p5-045","Applications for the Chicago office must be received _____ Friday.","by","until","during","since","A","“By” marks a deadline at or before a stated time. | “By” chỉ hạn chót vào hoặc trước một thời điểm.","5","mcq","prepositions","500","",""
"local-p5-046","Applications for the Portland office must be received _____ Friday.","by","until","during","since","A","“By” marks a deadline at or before a stated time. | “By” chỉ hạn chót vào hoặc trước một thời điểm.","5","mcq","prepositions","500","",""
"local-p5-047","Applications for the Atlanta office must be received _____ Friday.","by","until","during","since","A","“By” marks a deadline at or before a stated time. | “By” chỉ hạn chót vào hoặc trước một thời điểm.","5","mcq","prepositions","500","",""
"local-p5-048","Applications for the Phoenix office must be received _____ Friday.","by","until","during","since","A","“By” marks a deadline at or before a stated time. | “By” chỉ hạn chót vào hoặc trước một thời điểm.","5","mcq","prepositions","500","",""
"local-p5-049","Applications for the Miami office must be received _____ Friday.","by","until","during","since","A","“By” marks a deadline at or before a stated time. | “By” chỉ hạn chót vào hoặc trước một thời điểm.","5","mcq","prepositions","500","",""
"local-p5-050","Applications for the Dallas office must be received _____ Friday.","by","until","during","since","A","“By” marks a deadline at or before a stated time. | “By” chỉ hạn chót vào hoặc trước một thời điểm.","5","mcq","prepositions","500","",""
"local-p5-051","The meeting was postponed _____ Ms. Carter was unavailable.","because","despite","unless","whereas","A","“Because” introduces the clause that gives the reason for the postponement. | “Because” mở đầu mệnh đề nêu lý do cuộc họp bị hoãn.","5","mcq","conjunctions","600","",""
"local-p5-052","The meeting was postponed _____ Mr. Lee was unavailable.","because","despite","unless","whereas","A","“Because” introduces the clause that gives the reason for the postponement. | “Because” mở đầu mệnh đề nêu lý do cuộc họp bị hoãn.","5","mcq","conjunctions","600","",""
"local-p5-053","The meeting was postponed _____ Ms. Nguyen was unavailable.","because","despite","unless","whereas","A","“Because” introduces the clause that gives the reason for the postponement. | “Because” mở đầu mệnh đề nêu lý do cuộc họp bị hoãn.","5","mcq","conjunctions","600","",""
"local-p5-054","The meeting was postponed _____ Mr. Wilson was unavailable.","because","despite","unless","whereas","A","“Because” introduces the clause that gives the reason for the postponement. | “Because” mở đầu mệnh đề nêu lý do cuộc họp bị hoãn.","5","mcq","conjunctions","600","",""
"local-p5-055","The meeting was postponed _____ Ms. Patel was unavailable.","because","despite","unless","whereas","A","“Because” introduces the clause that gives the reason for the postponement. | “Because” mở đầu mệnh đề nêu lý do cuộc họp bị hoãn.","5","mcq","conjunctions","600","",""
"local-p5-056","The meeting was postponed _____ Mr. Brown was unavailable.","because","despite","unless","whereas","A","“Because” introduces the clause that gives the reason for the postponement. | “Because” mở đầu mệnh đề nêu lý do cuộc họp bị hoãn.","5","mcq","conjunctions","600","",""
"local-p5-057","The meeting was postponed _____ Ms. Garcia was unavailable.","because","despite","unless","whereas","A","“Because” introduces the clause that gives the reason for the postponement. | “Because” mở đầu mệnh đề nêu lý do cuộc họp bị hoãn.","5","mcq","conjunctions","600","",""
"local-p5-058","The meeting was postponed _____ Mr. Kim was unavailable.","because","despite","unless","whereas","A","“Because” introduces the clause that gives the reason for the postponement. | “Because” mở đầu mệnh đề nêu lý do cuộc họp bị hoãn.","5","mcq","conjunctions","600","",""
"local-p5-059","The meeting was postponed _____ Ms. Taylor was unavailable.","because","despite","unless","whereas","A","“Because” introduces the clause that gives the reason for the postponement. | “Because” mở đầu mệnh đề nêu lý do cuộc họp bị hoãn.","5","mcq","conjunctions","600","",""
"local-p5-060","The meeting was postponed _____ Mr. Martin was unavailable.","because","despite","unless","whereas","A","“Because” introduces the clause that gives the reason for the postponement. | “Because” mở đầu mệnh đề nêu lý do cuộc họp bị hoãn.","5","mcq","conjunctions","600","",""
"local-p5-061","Northstar's sales are _____ this quarter than they were last quarter.","high","higher","highest","highly","B","“Than” signals the comparative adjective “higher”. | “Than” là dấu hiệu của dạng so sánh hơn “higher”.","5","mcq","comparisons","600","",""
"local-p5-062","BluePeak's sales are _____ this quarter than they were last quarter.","high","higher","highest","highly","B","“Than” signals the comparative adjective “higher”. | “Than” là dấu hiệu của dạng so sánh hơn “higher”.","5","mcq","comparisons","600","",""
"local-p5-063","Greenfield's sales are _____ this quarter than they were last quarter.","high","higher","highest","highly","B","“Than” signals the comparative adjective “higher”. | “Than” là dấu hiệu của dạng so sánh hơn “higher”.","5","mcq","comparisons","600","",""
"local-p5-064","Summit's sales are _____ this quarter than they were last quarter.","high","higher","highest","highly","B","“Than” signals the comparative adjective “higher”. | “Than” là dấu hiệu của dạng so sánh hơn “higher”.","5","mcq","comparisons","600","",""
"local-p5-065","Riverside's sales are _____ this quarter than they were last quarter.","high","higher","highest","highly","B","“Than” signals the comparative adjective “higher”. | “Than” là dấu hiệu của dạng so sánh hơn “higher”.","5","mcq","comparisons","600","",""
"local-p5-066","BrightPath's sales are _____ this quarter than they were last quarter.","high","higher","highest","highly","B","“Than” signals the comparative adjective “higher”. | “Than” là dấu hiệu của dạng so sánh hơn “higher”.","5","mcq","comparisons","600","",""
"local-p5-067","Harborview's sales are _____ this quarter than they were last quarter.","high","higher","highest","highly","B","“Than” signals the comparative adjective “higher”. | “Than” là dấu hiệu của dạng so sánh hơn “higher”.","5","mcq","comparisons","600","",""
"local-p5-068","Silverline's sales are _____ this quarter than they were last quarter.","high","higher","highest","highly","B","“Than” signals the comparative adjective “higher”. | “Than” là dấu hiệu của dạng so sánh hơn “higher”.","5","mcq","comparisons","600","",""
"local-p5-069","Oakridge's sales are _____ this quarter than they were last quarter.","high","higher","highest","highly","B","“Than” signals the comparative adjective “higher”. | “Than” là dấu hiệu của dạng so sánh hơn “higher”.","5","mcq","comparisons","600","",""
"local-p5-070","MetroWorks's sales are _____ this quarter than they were last quarter.","high","higher","highest","highly","B","“Than” signals the comparative adjective “higher”. | “Than” là dấu hiệu của dạng so sánh hơn “higher”.","5","mcq","comparisons","600","",""
"local-p5-071","The consultant working with Ms. Carter _____ prepared the report will present it to the board.","who","which","whose","whom","A","“Who” is the subject relative pronoun referring to a person. | “Who” là đại từ quan hệ làm chủ ngữ, thay cho người.","5","mcq","pronouns","600","",""
"local-p5-072","The consultant working with Mr. Lee _____ prepared the report will present it to the board.","who","which","whose","whom","A","“Who” is the subject relative pronoun referring to a person. | “Who” là đại từ quan hệ làm chủ ngữ, thay cho người.","5","mcq","pronouns","600","",""
"local-p5-073","The consultant working with Ms. Nguyen _____ prepared the report will present it to the board.","who","which","whose","whom","A","“Who” is the subject relative pronoun referring to a person. | “Who” là đại từ quan hệ làm chủ ngữ, thay cho người.","5","mcq","pronouns","600","",""
"local-p5-074","The consultant working with Mr. Wilson _____ prepared the report will present it to the board.","who","which","whose","whom","A","“Who” is the subject relative pronoun referring to a person. | “Who” là đại từ quan hệ làm chủ ngữ, thay cho người.","5","mcq","pronouns","600","",""
"local-p5-075","The consultant working with Ms. Patel _____ prepared the report will present it to the board.","who","which","whose","whom","A","“Who” is the subject relative pronoun referring to a person. | “Who” là đại từ quan hệ làm chủ ngữ, thay cho người.","5","mcq","pronouns","600","",""
"local-p5-076","The consultant working with Mr. Brown _____ prepared the report will present it to the board.","who","which","whose","whom","A","“Who” is the subject relative pronoun referring to a person. | “Who” là đại từ quan hệ làm chủ ngữ, thay cho người.","5","mcq","pronouns","600","",""
"local-p5-077","The consultant working with Ms. Garcia _____ prepared the report will present it to the board.","who","which","whose","whom","A","“Who” is the subject relative pronoun referring to a person. | “Who” là đại từ quan hệ làm chủ ngữ, thay cho người.","5","mcq","pronouns","600","",""
"local-p5-078","The consultant working with Mr. Kim _____ prepared the report will present it to the board.","who","which","whose","whom","A","“Who” is the subject relative pronoun referring to a person. | “Who” là đại từ quan hệ làm chủ ngữ, thay cho người.","5","mcq","pronouns","600","",""
"local-p5-079","The consultant working with Ms. Taylor _____ prepared the report will present it to the board.","who","which","whose","whom","A","“Who” is the subject relative pronoun referring to a person. | “Who” là đại từ quan hệ làm chủ ngữ, thay cho người.","5","mcq","pronouns","600","",""
"local-p5-080","The consultant working with Mr. Martin _____ prepared the report will present it to the board.","who","which","whose","whom","A","“Who” is the subject relative pronoun referring to a person. | “Who” là đại từ quan hệ làm chủ ngữ, thay cho người.","5","mcq","pronouns","600","",""
"local-p5-081","Customer _____ remains a top priority for Northstar.","satisfy","satisfied","satisfaction","satisfactorily","C","A noun is required as the subject of the sentence. | Vị trí chủ ngữ cần danh từ “satisfaction”.","5","mcq","nouns","500","",""
"local-p5-082","Customer _____ remains a top priority for BluePeak.","satisfy","satisfied","satisfaction","satisfactorily","C","A noun is required as the subject of the sentence. | Vị trí chủ ngữ cần danh từ “satisfaction”.","5","mcq","nouns","500","",""
"local-p5-083","Customer _____ remains a top priority for Greenfield.","satisfy","satisfied","satisfaction","satisfactorily","C","A noun is required as the subject of the sentence. | Vị trí chủ ngữ cần danh từ “satisfaction”.","5","mcq","nouns","500","",""
"local-p5-084","Customer _____ remains a top priority for Summit.","satisfy","satisfied","satisfaction","satisfactorily","C","A noun is required as the subject of the sentence. | Vị trí chủ ngữ cần danh từ “satisfaction”.","5","mcq","nouns","500","",""
"local-p5-085","Customer _____ remains a top priority for Riverside.","satisfy","satisfied","satisfaction","satisfactorily","C","A noun is required as the subject of the sentence. | Vị trí chủ ngữ cần danh từ “satisfaction”.","5","mcq","nouns","500","",""
"local-p5-086","Customer _____ remains a top priority for BrightPath.","satisfy","satisfied","satisfaction","satisfactorily","C","A noun is required as the subject of the sentence. | Vị trí chủ ngữ cần danh từ “satisfaction”.","5","mcq","nouns","500","",""
"local-p5-087","Customer _____ remains a top priority for Harborview.","satisfy","satisfied","satisfaction","satisfactorily","C","A noun is required as the subject of the sentence. | Vị trí chủ ngữ cần danh từ “satisfaction”.","5","mcq","nouns","500","",""
"local-p5-088","Customer _____ remains a top priority for Silverline.","satisfy","satisfied","satisfaction","satisfactorily","C","A noun is required as the subject of the sentence. | Vị trí chủ ngữ cần danh từ “satisfaction”.","5","mcq","nouns","500","",""
"local-p5-089","Customer _____ remains a top priority for Oakridge.","satisfy","satisfied","satisfaction","satisfactorily","C","A noun is required as the subject of the sentence. | Vị trí chủ ngữ cần danh từ “satisfaction”.","5","mcq","nouns","500","",""
"local-p5-090","Customer _____ remains a top priority for MetroWorks.","satisfy","satisfied","satisfaction","satisfactorily","C","A noun is required as the subject of the sentence. | Vị trí chủ ngữ cần danh từ “satisfaction”.","5","mcq","nouns","500","",""
"local-p5-091","Management decided _____ the training program in Boston.","expand","to expand","expanding","expanded","B","“Decide” is followed by a to-infinitive. | Sau “decide” dùng động từ nguyên mẫu có “to”.","5","mcq","infinitives-gerunds","600","",""
"local-p5-092","Management decided _____ the training program in Seattle.","expand","to expand","expanding","expanded","B","“Decide” is followed by a to-infinitive. | Sau “decide” dùng động từ nguyên mẫu có “to”.","5","mcq","infinitives-gerunds","600","",""
"local-p5-093","Management decided _____ the training program in Denver.","expand","to expand","expanding","expanded","B","“Decide” is followed by a to-infinitive. | Sau “decide” dùng động từ nguyên mẫu có “to”.","5","mcq","infinitives-gerunds","600","",""
"local-p5-094","Management decided _____ the training program in Austin.","expand","to expand","expanding","expanded","B","“Decide” is followed by a to-infinitive. | Sau “decide” dùng động từ nguyên mẫu có “to”.","5","mcq","infinitives-gerunds","600","",""
"local-p5-095","Management decided _____ the training program in Chicago.","expand","to expand","expanding","expanded","B","“Decide” is followed by a to-infinitive. | Sau “decide” dùng động từ nguyên mẫu có “to”.","5","mcq","infinitives-gerunds","600","",""
"local-p5-096","Management decided _____ the training program in Portland.","expand","to expand","expanding","expanded","B","“Decide” is followed by a to-infinitive. | Sau “decide” dùng động từ nguyên mẫu có “to”.","5","mcq","infinitives-gerunds","600","",""
"local-p5-097","Management decided _____ the training program in Atlanta.","expand","to expand","expanding","expanded","B","“Decide” is followed by a to-infinitive. | Sau “decide” dùng động từ nguyên mẫu có “to”.","5","mcq","infinitives-gerunds","600","",""
"local-p5-098","Management decided _____ the training program in Phoenix.","expand","to expand","expanding","expanded","B","“Decide” is followed by a to-infinitive. | Sau “decide” dùng động từ nguyên mẫu có “to”.","5","mcq","infinitives-gerunds","600","",""
"local-p5-099","Management decided _____ the training program in Miami.","expand","to expand","expanding","expanded","B","“Decide” is followed by a to-infinitive. | Sau “decide” dùng động từ nguyên mẫu có “to”.","5","mcq","infinitives-gerunds","600","",""
"local-p5-100","Management decided _____ the training program in Dallas.","expand","to expand","expanding","expanded","B","“Decide” is followed by a to-infinitive. | Sau “decide” dùng động từ nguyên mẫu có “to”.","5","mcq","infinitives-gerunds","600","",""
"local-p5-101","Northstar _____ three new branches since January.","opens","opened","has opened","will open","C","“Since January” calls for the present perfect. | “Since January” là dấu hiệu dùng hiện tại hoàn thành “has opened”.","5","mcq","verb-tenses","600","",""
"local-p5-102","BluePeak _____ three new branches since January.","opens","opened","has opened","will open","C","“Since January” calls for the present perfect. | “Since January” là dấu hiệu dùng hiện tại hoàn thành “has opened”.","5","mcq","verb-tenses","600","",""
"local-p5-103","Greenfield _____ three new branches since January.","opens","opened","has opened","will open","C","“Since January” calls for the present perfect. | “Since January” là dấu hiệu dùng hiện tại hoàn thành “has opened”.","5","mcq","verb-tenses","600","",""
"local-p5-104","Summit _____ three new branches since January.","opens","opened","has opened","will open","C","“Since January” calls for the present perfect. | “Since January” là dấu hiệu dùng hiện tại hoàn thành “has opened”.","5","mcq","verb-tenses","600","",""
"local-p5-105","Riverside _____ three new branches since January.","opens","opened","has opened","will open","C","“Since January” calls for the present perfect. | “Since January” là dấu hiệu dùng hiện tại hoàn thành “has opened”.","5","mcq","verb-tenses","600","",""
"local-p5-106","BrightPath _____ three new branches since January.","opens","opened","has opened","will open","C","“Since January” calls for the present perfect. | “Since January” là dấu hiệu dùng hiện tại hoàn thành “has opened”.","5","mcq","verb-tenses","600","",""
"local-p5-107","Harborview _____ three new branches since January.","opens","opened","has opened","will open","C","“Since January” calls for the present perfect. | “Since January” là dấu hiệu dùng hiện tại hoàn thành “has opened”.","5","mcq","verb-tenses","600","",""
"local-p5-108","Silverline _____ three new branches since January.","opens","opened","has opened","will open","C","“Since January” calls for the present perfect. | “Since January” là dấu hiệu dùng hiện tại hoàn thành “has opened”.","5","mcq","verb-tenses","600","",""
"local-p5-109","Oakridge _____ three new branches since January.","opens","opened","has opened","will open","C","“Since January” calls for the present perfect. | “Since January” là dấu hiệu dùng hiện tại hoàn thành “has opened”.","5","mcq","verb-tenses","600","",""
"local-p5-110","MetroWorks _____ three new branches since January.","opens","opened","has opened","will open","C","“Since January” calls for the present perfect. | “Since January” là dấu hiệu dùng hiện tại hoàn thành “has opened”.","5","mcq","verb-tenses","600","",""
"local-p5-111","Ms. Carter is responsible for _____ the project schedule.","prepare","prepared","preparing","preparation","C","A gerund follows the preposition “for”. | Sau giới từ “for” dùng danh động từ “preparing”.","5","mcq","infinitives-gerunds","700","",""
"local-p5-112","Mr. Lee is responsible for _____ the project schedule.","prepare","prepared","preparing","preparation","C","A gerund follows the preposition “for”. | Sau giới từ “for” dùng danh động từ “preparing”.","5","mcq","infinitives-gerunds","700","",""
"local-p5-113","Ms. Nguyen is responsible for _____ the project schedule.","prepare","prepared","preparing","preparation","C","A gerund follows the preposition “for”. | Sau giới từ “for” dùng danh động từ “preparing”.","5","mcq","infinitives-gerunds","700","",""
"local-p5-114","Mr. Wilson is responsible for _____ the project schedule.","prepare","prepared","preparing","preparation","C","A gerund follows the preposition “for”. | Sau giới từ “for” dùng danh động từ “preparing”.","5","mcq","infinitives-gerunds","700","",""
"local-p5-115","Ms. Patel is responsible for _____ the project schedule.","prepare","prepared","preparing","preparation","C","A gerund follows the preposition “for”. | Sau giới từ “for” dùng danh động từ “preparing”.","5","mcq","infinitives-gerunds","700","",""
"local-p5-116","Mr. Brown is responsible for _____ the project schedule.","prepare","prepared","preparing","preparation","C","A gerund follows the preposition “for”. | Sau giới từ “for” dùng danh động từ “preparing”.","5","mcq","infinitives-gerunds","700","",""
"local-p5-117","Ms. Garcia is responsible for _____ the project schedule.","prepare","prepared","preparing","preparation","C","A gerund follows the preposition “for”. | Sau giới từ “for” dùng danh động từ “preparing”.","5","mcq","infinitives-gerunds","700","",""
"local-p5-118","Mr. Kim is responsible for _____ the project schedule.","prepare","prepared","preparing","preparation","C","A gerund follows the preposition “for”. | Sau giới từ “for” dùng danh động từ “preparing”.","5","mcq","infinitives-gerunds","700","",""
"local-p5-119","Ms. Taylor is responsible for _____ the project schedule.","prepare","prepared","preparing","preparation","C","A gerund follows the preposition “for”. | Sau giới từ “for” dùng danh động từ “preparing”.","5","mcq","infinitives-gerunds","700","",""
"local-p5-120","Mr. Martin is responsible for _____ the project schedule.","prepare","prepared","preparing","preparation","C","A gerund follows the preposition “for”. | Sau giới từ “for” dùng danh động từ “preparing”.","5","mcq","infinitives-gerunds","700","",""
"local-p5-121","Northstar hired _____ experienced auditor for its Boston office.","a","an","the","no article","B","“Experienced” begins with a vowel sound, so “an” is required. | “Experienced” bắt đầu bằng nguyên âm nên dùng “an”.","5","mcq","articles","500","",""
"local-p5-122","BluePeak hired _____ experienced auditor for its Seattle office.","a","an","the","no article","B","“Experienced” begins with a vowel sound, so “an” is required. | “Experienced” bắt đầu bằng nguyên âm nên dùng “an”.","5","mcq","articles","500","",""
"local-p5-123","Greenfield hired _____ experienced auditor for its Denver office.","a","an","the","no article","B","“Experienced” begins with a vowel sound, so “an” is required. | “Experienced” bắt đầu bằng nguyên âm nên dùng “an”.","5","mcq","articles","500","",""
"local-p5-124","Summit hired _____ experienced auditor for its Austin office.","a","an","the","no article","B","“Experienced” begins with a vowel sound, so “an” is required. | “Experienced” bắt đầu bằng nguyên âm nên dùng “an”.","5","mcq","articles","500","",""
"local-p5-125","Riverside hired _____ experienced auditor for its Chicago office.","a","an","the","no article","B","“Experienced” begins with a vowel sound, so “an” is required. | “Experienced” bắt đầu bằng nguyên âm nên dùng “an”.","5","mcq","articles","500","",""
"local-p5-126","BrightPath hired _____ experienced auditor for its Portland office.","a","an","the","no article","B","“Experienced” begins with a vowel sound, so “an” is required. | “Experienced” bắt đầu bằng nguyên âm nên dùng “an”.","5","mcq","articles","500","",""
"local-p5-127","Harborview hired _____ experienced auditor for its Atlanta office.","a","an","the","no article","B","“Experienced” begins with a vowel sound, so “an” is required. | “Experienced” bắt đầu bằng nguyên âm nên dùng “an”.","5","mcq","articles","500","",""
"local-p5-128","Silverline hired _____ experienced auditor for its Phoenix office.","a","an","the","no article","B","“Experienced” begins with a vowel sound, so “an” is required. | “Experienced” bắt đầu bằng nguyên âm nên dùng “an”.","5","mcq","articles","500","",""
"local-p5-129","Oakridge hired _____ experienced auditor for its Miami office.","a","an","the","no article","B","“Experienced” begins with a vowel sound, so “an” is required. | “Experienced” bắt đầu bằng nguyên âm nên dùng “an”.","5","mcq","articles","500","",""
"local-p5-130","MetroWorks hired _____ experienced auditor for its Dallas office.","a","an","the","no article","B","“Experienced” begins with a vowel sound, so “an” is required. | “Experienced” bắt đầu bằng nguyên âm nên dùng “an”.","5","mcq","articles","500","",""
"local-p5-131","Northstar's new filing system is both efficient and _____.","rely","reliable","reliably","reliability","B","The parallel structure after “both” requires another adjective. | Cấu trúc song song cần tính từ “reliable” sau “efficient”.","5","mcq","word-forms","600","",""
"local-p5-132","BluePeak's new filing system is both efficient and _____.","rely","reliable","reliably","reliability","B","The parallel structure after “both” requires another adjective. | Cấu trúc song song cần tính từ “reliable” sau “efficient”.","5","mcq","word-forms","600","",""
"local-p5-133","Greenfield's new filing system is both efficient and _____.","rely","reliable","reliably","reliability","B","The parallel structure after “both” requires another adjective. | Cấu trúc song song cần tính từ “reliable” sau “efficient”.","5","mcq","word-forms","600","",""
"local-p5-134","Summit's new filing system is both efficient and _____.","rely","reliable","reliably","reliability","B","The parallel structure after “both” requires another adjective. | Cấu trúc song song cần tính từ “reliable” sau “efficient”.","5","mcq","word-forms","600","",""
"local-p5-135","Riverside's new filing system is both efficient and _____.","rely","reliable","reliably","reliability","B","The parallel structure after “both” requires another adjective. | Cấu trúc song song cần tính từ “reliable” sau “efficient”.","5","mcq","word-forms","600","",""
"local-p5-136","BrightPath's new filing system is both efficient and _____.","rely","reliable","reliably","reliability","B","The parallel structure after “both” requires another adjective. | Cấu trúc song song cần tính từ “reliable” sau “efficient”.","5","mcq","word-forms","600","",""
"local-p5-137","Harborview's new filing system is both efficient and _____.","rely","reliable","reliably","reliability","B","The parallel structure after “both” requires another adjective. | Cấu trúc song song cần tính từ “reliable” sau “efficient”.","5","mcq","word-forms","600","",""
"local-p5-138","Silverline's new filing system is both efficient and _____.","rely","reliable","reliably","reliability","B","The parallel structure after “both” requires another adjective. | Cấu trúc song song cần tính từ “reliable” sau “efficient”.","5","mcq","word-forms","600","",""
"local-p5-139","Oakridge's new filing system is both efficient and _____.","rely","reliable","reliably","reliability","B","The parallel structure after “both” requires another adjective. | Cấu trúc song song cần tính từ “reliable” sau “efficient”.","5","mcq","word-forms","600","",""
"local-p5-140","MetroWorks's new filing system is both efficient and _____.","rely","reliable","reliably","reliability","B","The parallel structure after “both” requires another adjective. | Cấu trúc song song cần tính từ “reliable” sau “efficient”.","5","mcq","word-forms","600","",""
"local-p5-141","Neither the director nor Ms. Carter _____ available for an interview today.","are","were","is","have","C","With “neither...nor”, the verb agrees with the nearest singular subject. | Với “neither...nor”, động từ hòa hợp với chủ ngữ số ít gần nhất nên dùng “is”.","5","mcq","subject-verb-agreement","700","",""
"local-p5-142","Neither the director nor Mr. Lee _____ available for an interview today.","are","were","is","have","C","With “neither...nor”, the verb agrees with the nearest singular subject. | Với “neither...nor”, động từ hòa hợp với chủ ngữ số ít gần nhất nên dùng “is”.","5","mcq","subject-verb-agreement","700","",""
"local-p5-143","Neither the director nor Ms. Nguyen _____ available for an interview today.","are","were","is","have","C","With “neither...nor”, the verb agrees with the nearest singular subject. | Với “neither...nor”, động từ hòa hợp với chủ ngữ số ít gần nhất nên dùng “is”.","5","mcq","subject-verb-agreement","700","",""
"local-p5-144","Neither the director nor Mr. Wilson _____ available for an interview today.","are","were","is","have","C","With “neither...nor”, the verb agrees with the nearest singular subject. | Với “neither...nor”, động từ hòa hợp với chủ ngữ số ít gần nhất nên dùng “is”.","5","mcq","subject-verb-agreement","700","",""
"local-p5-145","Neither the director nor Ms. Patel _____ available for an interview today.","are","were","is","have","C","With “neither...nor”, the verb agrees with the nearest singular subject. | Với “neither...nor”, động từ hòa hợp với chủ ngữ số ít gần nhất nên dùng “is”.","5","mcq","subject-verb-agreement","700","",""
"local-p5-146","Neither the director nor Mr. Brown _____ available for an interview today.","are","were","is","have","C","With “neither...nor”, the verb agrees with the nearest singular subject. | Với “neither...nor”, động từ hòa hợp với chủ ngữ số ít gần nhất nên dùng “is”.","5","mcq","subject-verb-agreement","700","",""
"local-p5-147","Neither the director nor Ms. Garcia _____ available for an interview today.","are","were","is","have","C","With “neither...nor”, the verb agrees with the nearest singular subject. | Với “neither...nor”, động từ hòa hợp với chủ ngữ số ít gần nhất nên dùng “is”.","5","mcq","subject-verb-agreement","700","",""
"local-p5-148","Neither the director nor Mr. Kim _____ available for an interview today.","are","were","is","have","C","With “neither...nor”, the verb agrees with the nearest singular subject. | Với “neither...nor”, động từ hòa hợp với chủ ngữ số ít gần nhất nên dùng “is”.","5","mcq","subject-verb-agreement","700","",""
"local-p5-149","Neither the director nor Ms. Taylor _____ available for an interview today.","are","were","is","have","C","With “neither...nor”, the verb agrees with the nearest singular subject. | Với “neither...nor”, động từ hòa hợp với chủ ngữ số ít gần nhất nên dùng “is”.","5","mcq","subject-verb-agreement","700","",""
"local-p5-150","Neither the director nor Mr. Martin _____ available for an interview today.","are","were","is","have","C","With “neither...nor”, the verb agrees with the nearest singular subject. | Với “neither...nor”, động từ hòa hợp với chủ ngữ số ít gần nhất nên dùng “is”.","5","mcq","subject-verb-agreement","700","",""
"local-p5-151","All sales team expense reports _____ be submitted before the end of the month.","must","would","might","could have","A","“Must” expresses a firm requirement. | “Must” diễn tả một yêu cầu bắt buộc.","5","mcq","modal-verbs","500","",""
"local-p5-152","All finance department expense reports _____ be submitted before the end of the month.","must","would","might","could have","A","“Must” expresses a firm requirement. | “Must” diễn tả một yêu cầu bắt buộc.","5","mcq","modal-verbs","500","",""
"local-p5-153","All marketing unit expense reports _____ be submitted before the end of the month.","must","would","might","could have","A","“Must” expresses a firm requirement. | “Must” diễn tả một yêu cầu bắt buộc.","5","mcq","modal-verbs","500","",""
"local-p5-154","All operations group expense reports _____ be submitted before the end of the month.","must","would","might","could have","A","“Must” expresses a firm requirement. | “Must” diễn tả một yêu cầu bắt buộc.","5","mcq","modal-verbs","500","",""
"local-p5-155","All customer service team expense reports _____ be submitted before the end of the month.","must","would","might","could have","A","“Must” expresses a firm requirement. | “Must” diễn tả một yêu cầu bắt buộc.","5","mcq","modal-verbs","500","",""
"local-p5-156","All research division expense reports _____ be submitted before the end of the month.","must","would","might","could have","A","“Must” expresses a firm requirement. | “Must” diễn tả một yêu cầu bắt buộc.","5","mcq","modal-verbs","500","",""
"local-p5-157","All human resources office expense reports _____ be submitted before the end of the month.","must","would","might","could have","A","“Must” expresses a firm requirement. | “Must” diễn tả một yêu cầu bắt buộc.","5","mcq","modal-verbs","500","",""
"local-p5-158","All shipping department expense reports _____ be submitted before the end of the month.","must","would","might","could have","A","“Must” expresses a firm requirement. | “Must” diễn tả một yêu cầu bắt buộc.","5","mcq","modal-verbs","500","",""
"local-p5-159","All technology team expense reports _____ be submitted before the end of the month.","must","would","might","could have","A","“Must” expresses a firm requirement. | “Must” diễn tả một yêu cầu bắt buộc.","5","mcq","modal-verbs","500","",""
"local-p5-160","All training unit expense reports _____ be submitted before the end of the month.","must","would","might","could have","A","“Must” expresses a firm requirement. | “Must” diễn tả một yêu cầu bắt buộc.","5","mcq","modal-verbs","500","",""
"local-p5-161","The board found Ms. Carter's proposal highly _____.","persuade","persuasive","persuasively","persuasion","B","An adjective is required after “found” to describe the proposal. | Cần tính từ “persuasive” để mô tả đề xuất.","5","mcq","adjectives","600","",""
"local-p5-162","The board found Mr. Lee's proposal highly _____.","persuade","persuasive","persuasively","persuasion","B","An adjective is required after “found” to describe the proposal. | Cần tính từ “persuasive” để mô tả đề xuất.","5","mcq","adjectives","600","",""
"local-p5-163","The board found Ms. Nguyen's proposal highly _____.","persuade","persuasive","persuasively","persuasion","B","An adjective is required after “found” to describe the proposal. | Cần tính từ “persuasive” để mô tả đề xuất.","5","mcq","adjectives","600","",""
"local-p5-164","The board found Mr. Wilson's proposal highly _____.","persuade","persuasive","persuasively","persuasion","B","An adjective is required after “found” to describe the proposal. | Cần tính từ “persuasive” để mô tả đề xuất.","5","mcq","adjectives","600","",""
"local-p5-165","The board found Ms. Patel's proposal highly _____.","persuade","persuasive","persuasively","persuasion","B","An adjective is required after “found” to describe the proposal. | Cần tính từ “persuasive” để mô tả đề xuất.","5","mcq","adjectives","600","",""
"local-p5-166","The board found Mr. Brown's proposal highly _____.","persuade","persuasive","persuasively","persuasion","B","An adjective is required after “found” to describe the proposal. | Cần tính từ “persuasive” để mô tả đề xuất.","5","mcq","adjectives","600","",""
"local-p5-167","The board found Ms. Garcia's proposal highly _____.","persuade","persuasive","persuasively","persuasion","B","An adjective is required after “found” to describe the proposal. | Cần tính từ “persuasive” để mô tả đề xuất.","5","mcq","adjectives","600","",""
"local-p5-168","The board found Mr. Kim's proposal highly _____.","persuade","persuasive","persuasively","persuasion","B","An adjective is required after “found” to describe the proposal. | Cần tính từ “persuasive” để mô tả đề xuất.","5","mcq","adjectives","600","",""
"local-p5-169","The board found Ms. Taylor's proposal highly _____.","persuade","persuasive","persuasively","persuasion","B","An adjective is required after “found” to describe the proposal. | Cần tính từ “persuasive” để mô tả đề xuất.","5","mcq","adjectives","600","",""
"local-p5-170","The board found Mr. Martin's proposal highly _____.","persuade","persuasive","persuasively","persuasion","B","An adjective is required after “found” to describe the proposal. | Cần tính từ “persuasive” để mô tả đề xuất.","5","mcq","adjectives","600","",""
"local-p5-171","_____ by the positive survey results, the Northstar team expanded the campaign.","Encourage","Encouraged","Encouraging","Encouragement","B","The team received encouragement, so the past participle begins the reduced passive clause. | Nhóm được khích lệ nên dùng quá khứ phân từ “Encouraged”.","5","mcq","participles","700","",""
"local-p5-172","_____ by the positive survey results, the BluePeak team expanded the campaign.","Encourage","Encouraged","Encouraging","Encouragement","B","The team received encouragement, so the past participle begins the reduced passive clause. | Nhóm được khích lệ nên dùng quá khứ phân từ “Encouraged”.","5","mcq","participles","700","",""
"local-p5-173","_____ by the positive survey results, the Greenfield team expanded the campaign.","Encourage","Encouraged","Encouraging","Encouragement","B","The team received encouragement, so the past participle begins the reduced passive clause. | Nhóm được khích lệ nên dùng quá khứ phân từ “Encouraged”.","5","mcq","participles","700","",""
"local-p5-174","_____ by the positive survey results, the Summit team expanded the campaign.","Encourage","Encouraged","Encouraging","Encouragement","B","The team received encouragement, so the past participle begins the reduced passive clause. | Nhóm được khích lệ nên dùng quá khứ phân từ “Encouraged”.","5","mcq","participles","700","",""
"local-p5-175","_____ by the positive survey results, the Riverside team expanded the campaign.","Encourage","Encouraged","Encouraging","Encouragement","B","The team received encouragement, so the past participle begins the reduced passive clause. | Nhóm được khích lệ nên dùng quá khứ phân từ “Encouraged”.","5","mcq","participles","700","",""
"local-p5-176","_____ by the positive survey results, the BrightPath team expanded the campaign.","Encourage","Encouraged","Encouraging","Encouragement","B","The team received encouragement, so the past participle begins the reduced passive clause. | Nhóm được khích lệ nên dùng quá khứ phân từ “Encouraged”.","5","mcq","participles","700","",""
"local-p5-177","_____ by the positive survey results, the Harborview team expanded the campaign.","Encourage","Encouraged","Encouraging","Encouragement","B","The team received encouragement, so the past participle begins the reduced passive clause. | Nhóm được khích lệ nên dùng quá khứ phân từ “Encouraged”.","5","mcq","participles","700","",""
"local-p5-178","_____ by the positive survey results, the Silverline team expanded the campaign.","Encourage","Encouraged","Encouraging","Encouragement","B","The team received encouragement, so the past participle begins the reduced passive clause. | Nhóm được khích lệ nên dùng quá khứ phân từ “Encouraged”.","5","mcq","participles","700","",""
"local-p5-179","_____ by the positive survey results, the Oakridge team expanded the campaign.","Encourage","Encouraged","Encouraging","Encouragement","B","The team received encouragement, so the past participle begins the reduced passive clause. | Nhóm được khích lệ nên dùng quá khứ phân từ “Encouraged”.","5","mcq","participles","700","",""
"local-p5-180","_____ by the positive survey results, the MetroWorks team expanded the campaign.","Encourage","Encouraged","Encouraging","Encouragement","B","The team received encouragement, so the past participle begins the reduced passive clause. | Nhóm được khích lệ nên dùng quá khứ phân từ “Encouraged”.","5","mcq","participles","700","",""
"local-p5-181","Ms. Carter has been in charge _____ the sales team since March.","at","with","of","for","C","The fixed expression is “in charge of”. | Cụm cố định đúng là “in charge of”.","5","mcq","prepositions","600","",""
"local-p5-182","Mr. Lee has been in charge _____ the finance department since March.","at","with","of","for","C","The fixed expression is “in charge of”. | Cụm cố định đúng là “in charge of”.","5","mcq","prepositions","600","",""
"local-p5-183","Ms. Nguyen has been in charge _____ the marketing unit since March.","at","with","of","for","C","The fixed expression is “in charge of”. | Cụm cố định đúng là “in charge of”.","5","mcq","prepositions","600","",""
"local-p5-184","Mr. Wilson has been in charge _____ the operations group since March.","at","with","of","for","C","The fixed expression is “in charge of”. | Cụm cố định đúng là “in charge of”.","5","mcq","prepositions","600","",""
"local-p5-185","Ms. Patel has been in charge _____ the customer service team since March.","at","with","of","for","C","The fixed expression is “in charge of”. | Cụm cố định đúng là “in charge of”.","5","mcq","prepositions","600","",""
"local-p5-186","Mr. Brown has been in charge _____ the research division since March.","at","with","of","for","C","The fixed expression is “in charge of”. | Cụm cố định đúng là “in charge of”.","5","mcq","prepositions","600","",""
"local-p5-187","Ms. Garcia has been in charge _____ the human resources office since March.","at","with","of","for","C","The fixed expression is “in charge of”. | Cụm cố định đúng là “in charge of”.","5","mcq","prepositions","600","",""
"local-p5-188","Mr. Kim has been in charge _____ the shipping department since March.","at","with","of","for","C","The fixed expression is “in charge of”. | Cụm cố định đúng là “in charge of”.","5","mcq","prepositions","600","",""
"local-p5-189","Ms. Taylor has been in charge _____ the technology team since March.","at","with","of","for","C","The fixed expression is “in charge of”. | Cụm cố định đúng là “in charge of”.","5","mcq","prepositions","600","",""
"local-p5-190","Mr. Martin has been in charge _____ the training unit since March.","at","with","of","for","C","The fixed expression is “in charge of”. | Cụm cố định đúng là “in charge of”.","5","mcq","prepositions","600","",""
"local-p5-191","The Northstar committee recommended that the final report _____ before publication.","is revised","be revised","was revised","revises","B","After “recommend that”, formal English uses the base-form subjunctive; the passive form is “be revised”. | Sau “recommend that” dùng giả định với động từ nguyên mẫu; dạng bị động là “be revised”.","5","mcq","subjunctive","800","",""
"local-p5-192","The BluePeak committee recommended that the final report _____ before publication.","is revised","be revised","was revised","revises","B","After “recommend that”, formal English uses the base-form subjunctive; the passive form is “be revised”. | Sau “recommend that” dùng giả định với động từ nguyên mẫu; dạng bị động là “be revised”.","5","mcq","subjunctive","800","",""
"local-p5-193","The Greenfield committee recommended that the final report _____ before publication.","is revised","be revised","was revised","revises","B","After “recommend that”, formal English uses the base-form subjunctive; the passive form is “be revised”. | Sau “recommend that” dùng giả định với động từ nguyên mẫu; dạng bị động là “be revised”.","5","mcq","subjunctive","800","",""
"local-p5-194","The Summit committee recommended that the final report _____ before publication.","is revised","be revised","was revised","revises","B","After “recommend that”, formal English uses the base-form subjunctive; the passive form is “be revised”. | Sau “recommend that” dùng giả định với động từ nguyên mẫu; dạng bị động là “be revised”.","5","mcq","subjunctive","800","",""
"local-p5-195","The Riverside committee recommended that the final report _____ before publication.","is revised","be revised","was revised","revises","B","After “recommend that”, formal English uses the base-form subjunctive; the passive form is “be revised”. | Sau “recommend that” dùng giả định với động từ nguyên mẫu; dạng bị động là “be revised”.","5","mcq","subjunctive","800","",""
"local-p5-196","The BrightPath committee recommended that the final report _____ before publication.","is revised","be revised","was revised","revises","B","After “recommend that”, formal English uses the base-form subjunctive; the passive form is “be revised”. | Sau “recommend that” dùng giả định với động từ nguyên mẫu; dạng bị động là “be revised”.","5","mcq","subjunctive","800","",""
"local-p5-197","The Harborview committee recommended that the final report _____ before publication.","is revised","be revised","was revised","revises","B","After “recommend that”, formal English uses the base-form subjunctive; the passive form is “be revised”. | Sau “recommend that” dùng giả định với động từ nguyên mẫu; dạng bị động là “be revised”.","5","mcq","subjunctive","800","",""
"local-p5-198","The Silverline committee recommended that the final report _____ before publication.","is revised","be revised","was revised","revises","B","After “recommend that”, formal English uses the base-form subjunctive; the passive form is “be revised”. | Sau “recommend that” dùng giả định với động từ nguyên mẫu; dạng bị động là “be revised”.","5","mcq","subjunctive","800","",""
"local-p5-199","The Oakridge committee recommended that the final report _____ before publication.","is revised","be revised","was revised","revises","B","After “recommend that”, formal English uses the base-form subjunctive; the passive form is “be revised”. | Sau “recommend that” dùng giả định với động từ nguyên mẫu; dạng bị động là “be revised”.","5","mcq","subjunctive","800","",""
"local-p5-200","The MetroWorks committee recommended that the final report _____ before publication.","is revised","be revised","was revised","revises","B","After “recommend that”, formal English uses the base-form subjunctive; the passive form is “be revised”. | Sau “recommend that” dùng giả định với động từ nguyên mẫu; dạng bị động là “be revised”.","5","mcq","subjunctive","800","",""
